{
    "svm_linear": {
        "accuracy": 0.9725274725274725,
        "auc_roc": 0.9924449042289727,
        "recall": 0.9631336405529954,
        "specificity": 0.9863945578231292,
        "fpr": 0.013605442176870748,
        "f1_score": 0.9766355140186916,
        "prediction_time": 0.00264739990234375
    },
    "svm_poly": {
        "accuracy": 0.9642857142857143,
        "auc_roc": 0.9955171008495565,
        "recall": 0.9447004608294931,
        "specificity": 0.9931972789115646,
        "fpr": 0.006802721088435374,
        "f1_score": 0.9692671394799054,
        "prediction_time": 0.002411365509033203
    },
    "svm_rbf": {
        "accuracy": 0.967032967032967,
        "auc_roc": 0.9987773911407881,
        "recall": 0.9585253456221198,
        "specificity": 0.9795918367346939,
        "fpr": 0.02040816326530612,
        "f1_score": 0.9719626168224299,
        "prediction_time": 0.005045413970947266
    },
    "svm_sigmoid": {
        "accuracy": 0.8736263736263736,
        "auc_roc": 0.9315966017743503,
        "recall": 0.8847926267281107,
        "specificity": 0.8571428571428571,
        "fpr": 0.14285714285714285,
        "f1_score": 0.8930232558139535,
        "prediction_time": 0.0026383399963378906
    },
    "random_forest": {
        "accuracy": 0.989010989010989,
        "auc_roc": 0.99952976582338,
        "recall": 0.9907834101382489,
        "specificity": 0.9863945578231292,
        "fpr": 0.013605442176870748,
        "f1_score": 0.9907834101382489,
        "prediction_time": 0.008314847946166992
    }
}