{
    "svm_linear": {
        "accuracy": 0.9752747252747253,
        "auc_roc": 0.9916611806012728,
        "recall": 0.9631336405529954,
        "specificity": 0.9931972789115646,
        "fpr": 0.006802721088435374,
        "f1_score": 0.9789227166276346,
        "prediction_time": 0.002109527587890625
    },
    "svm_poly": {
        "accuracy": 0.9917582417582418,
        "auc_roc": 0.9989654848114362,
        "recall": 1.0,
        "specificity": 0.9795918367346939,
        "fpr": 0.02040816326530612,
        "f1_score": 0.9931350114416476,
        "prediction_time": 0.0021581649780273438
    },
    "svm_rbf": {
        "accuracy": 0.978021978021978,
        "auc_roc": 0.999122229536976,
        "recall": 0.9723502304147466,
        "specificity": 0.9863945578231292,
        "fpr": 0.013605442176870748,
        "f1_score": 0.9813953488372092,
        "prediction_time": 0.005650758743286133
    },
    "svm_sigmoid": {
        "accuracy": 0.7664835164835165,
        "auc_roc": 0.8590551427944448,
        "recall": 0.8202764976958525,
        "specificity": 0.6870748299319728,
        "fpr": 0.3129251700680272,
        "f1_score": 0.8072562358276644,
        "prediction_time": 0.00463104248046875
    },
    "random_forest": {
        "accuracy": 0.989010989010989,
        "auc_roc": 0.99952976582338,
        "recall": 0.9907834101382489,
        "specificity": 0.9863945578231292,
        "fpr": 0.013605442176870748,
        "f1_score": 0.9907834101382489,
        "prediction_time": 0.009716033935546875
    }
}